,AC_uncertainty,AD_uncertainty,H_uncertainty,blood_uncertainty,fat_uncertainty,glass_uncertainty,stroma_uncertainty
0,0.008724451156498012,0.007678142852698026,0.0071143260924145585,0.0021388311323789822,,,0.005538595031490937
1,0.007197711632276576,0.004929128474213939,0.003970538495438329,0.013140435662353412,,,0.008037713234080002
2,0.006357399364545319,0.010671632667072118,0.012167148412845564,0.002611383524678482,,,0.008530740705221735
3,0.005860223942848583,0.0035027870766498386,0.005474549684367957,0.005751533182289374,,,0.006449067119137907
4,0.01312960307695903,0.00787947709289559,0.009100565187145545,0.004698696586547157,,,0.0071004028308986255
5,0.004119616500975099,0.004994759042407774,0.005911698379107595,0.001143785012633695,,,0.011084477139714485
6,0.009964942758961114,0.006084039103249476,0.006537784151199351,0.004899924224931358,,,0.00900341211260335
7,0.011568753824394661,0.005412804866440031,0.009908933192491531,0.006122830530898681,,,0.011780498440687856
8,0.009515606378863594,0.00563101542259877,0.0065523125176052115,0.007845505847459813,,,0.009037426559856006
9,0.005614709235184515,0.006116193465034787,0.011758122311827416,0.006764212104947849,,,0.009850480014574715
10,0.010839236578613054,0.0039000537661498433,0.009799245585842678,0.007075895079954837,,,0.01134330011191196
11,0.006212023585976567,0.0098569364718666,0.006740031911370655,0.00789275318190145,,,0.00681587071303511
12,0.008017322044058042,0.010330684669861511,0.008434798387558354,0.004958228471878101,,,0.009902818032423965
13,0.004262624946960614,0.0029857273902355996,0.009018314588926537,0.008149653076892112,,,0.018917146697640424
14,0.006368732681585243,0.011706187776871955,0.010245008186393534,0.007328803058650617,,,0.006165345034484441
15,0.004803000196019033,0.005692838101337354,0.009787061107393432,0.0030755024811090453,,,0.009340625351372485
16,0.008717809718412656,0.008650856989879685,0.012657487314815322,0.006454787154022293,,,0.013796404180660223
17,0.008505072894816596,0.007051365041358319,0.006605859414169874,0.007679702723180526,,,0.009428573498735203
18,0.005585576892675212,0.004867167468182742,0.009819656387359526,0.013081292985467978,,,0.008369521951923767
19,0.012574736109309013,0.011669341427235243,0.004790143933011374,0.008669637223162378,,,0.006585853144497377
20,0.009858895599609242,0.010707486592824956,0.005509308240349733,0.008714373905968386,,,0.006638964933775546
21,0.0032960193956872294,0.012584163223800713,0.008692575541014472,0.011872586507373245,,,0.010342964257870336
22,0.005920874211733461,0.005455184107874326,0.008525850930285137,0.006449111211501684,,,0.006698910375295479
23,0.006945210988002751,0.004804468965933969,0.009896983326567957,0.0076215694386822476,,,0.006997152896656189
24,0.00669398397646243,0.008226609667629722,0.00892642178684279,0.008047825756754414,,,0.00615485368228595
25,0.006223079717407624,0.009333272818669988,0.008524961362976077,0.0020251254824870555,,,0.005261296487393945
26,0.006324786514354249,0.008495862965719426,0.011327121217618698,0.004359438908674445,,,0.007778014742264834
27,0.005716749476656939,0.011090995466414219,0.011007520110494322,0.005201980595787367,,,0.008977535679393137
28,0.009154994356504175,0.005899952187610325,0.0066671319662418675,0.006654927074365938,,,0.003264573400762553
29,0.0031691416572963743,0.013680129140266221,0.011290821656196688,0.00924256679233319,,,0.006529622672799937
30,0.004899474945098821,0.00821830117808228,0.010113008001159565,0.004697217752497333,,,0.007328681598786109
31,0.006779358456909298,0.008781002256364445,0.008495718084486724,0.007811839579274723,,,0.006209699338554249
32,0.00545974253230573,0.012656236025532053,0.00827911797290047,0.004086813022149727,,,0.005015405996891787
33,0.007229007132021555,0.0031473273531446464,0.006057144140262001,0.009485659083778348,,,0.003539329589693807
34,0.009634744862952023,0.007404641769244335,0.00784579688576438,0.008427154141463689,,,0.0055533916078275075
35,0.0036868599990460406,0.010294969557435254,0.0056824568032122135,0.006941694311899482,,,0.006990161043783397
36,0.0057969255819140635,0.003948263974780275,0.0028374499267859693,0.00530488743679598,,,0.006640051180450732
37,0.010463800025657596,0.009826716309180483,0.003064580514546833,0.006072821524442891,,,0.00326332074473612
38,0.0069070403456862545,0.009813999622444194,0.00975500891339228,0.006909575921842284,,,0.012785389861771064
39,0.004057121036506335,0.00619574094307609,0.008002279292304591,0.0077073457390118465,,,0.011154003959018156
40,0.003701487148525,0.003424958026840841,0.011088486551307144,0.0019455600393939673,,,0.007313041815602142
41,0.008576305367751048,0.006308440305474505,0.007765055550892916,0.004827177609210292,,,0.009716478269789757
42,0.004521556210587126,0.015577640739502383,0.010364933238937134,0.006202769739320502,,,0.009873367175168825
43,0.007112485230284923,0.011411073698945985,0.00955256094894139,0.008203110449721862,,,0.009175929935493815
44,0.006880329565804762,0.006063527144988256,0.0050550227072866,0.002654470940918448,,,0.008832606525053657
45,0.004402474354249838,0.007554812543397323,0.0039852957094505355,0.006633682868960022,,,0.009551117173638584
46,0.004930498434987385,0.008255238667940527,0.004766235217539361,0.01002893355519821,,,0.0055844613811738475
47,0.008904693090395691,0.00274044280798383,0.007695043031708337,0.007044745029270417,,,0.006425929047448638
48,0.010444648761282831,0.002423004127073606,0.006310780722803126,0.00367708452201138,,,0.011693470692262054
49,0.00551981349271955,0.010856812370548143,0.011903849660302512,0.01209215551013282,,,0.00984104880481027
50,0.006339818642785151,0.0050943089474458254,0.009628823779833815,0.0065906841111427646,,,0.009014108230136724
51,0.010763855924597011,0.01588708796965269,0.005421670055269109,0.00505583889122742,,,0.012025315865563851
52,0.005882468689621116,0.013410524634673494,0.014664962304232176,0.0036439068121580927,,,0.007166728116984209
53,0.004725600462431127,0.009849674032496597,0.012995335517916828,0.007490053248663268,,,0.011801628672522687
54,0.0060118892368336676,0.0039616676755637546,0.00421373526211634,0.007263826679748794,,,0.009383864774645189
55,0.006203733151778578,0.008916401665192098,0.006178826165948218,0.003767213086363578,,,0.007638199586896614
56,0.0022465479523702922,0.007044640407366387,0.012371120549505578,0.0072173791859919826,,,0.004161627537602424
57,0.005073533539628746,0.010702534683514384,0.009862394308826575,0.005378909782484697,,,0.008422461209738686
58,0.005627135804631203,0.005798740781877617,0.004102220827856703,0.003489984960954947,,,0.006132630850091422
59,0.006897241478630653,0.006676318206518773,0.008431203034706413,0.009245990314472388,,,0.008661176324555224
60,0.006746891214788776,0.007411411292074869,0.00817804250594539,0.004920652141405905,,,0.006549085412189015
61,0.009536508156209796,0.012487153821287698,0.006055484241611945,0.007158871547411157,,,0.009872039712111777
62,0.007742465685805656,0.011054933108971455,0.01811519058731695,0.005584000603024228,,,0.007417706561576174
63,0.008187416706399138,0.003359393915070541,0.009632167946741294,0.00272583505223641,,,0.004037909285966634
64,,0.0066739043589526155,0.009381671390535,0.006320555294708659,,,0.007901511240682642
65,,0.0061882364049476255,0.009094724712970978,0.012343970590215273,,,0.008543541542409609
66,,0.004482744871226411,0.007256220137545218,0.010550932175829076,,,0.009410147608771999
67,,0.009480837784091515,0.005755790456896648,0.006112367126722044,,,0.0027573771216339088
68,,0.011853536612761674,0.0053157959413814146,0.004587518264937292,,,0.0042483220604481176
69,,0.009028585678485492,0.013179794445629035,0.008284701810528835,,,0.006185407561133617
70,,0.0026505065245146396,0.004939662286369639,0.006732244178552567,,,0.008079759959734171
71,,0.009764431310274328,0.00387241941546866,0.011654911529997966,,,0.01125216921767181
72,,0.007644292904054358,0.003945252400171739,0.0008082425149647559,,,0.011227975781609225
73,,0.013680140428308124,0.009055728626844936,0.005941236752551048,,,0.007530443315772572
74,,0.0034823792166813897,0.007380709890761257,0.0029254095571256277,,,0.0032040261086270522
75,,0.005484633241818908,0.009349109664617572,0.0045845696964534,,,0.007170674482010023
76,,0.01429347804975502,0.00681325672064001,0.0024867560459824745,,,0.00939864648001579
77,,0.0037151041393675157,0.009191851585152715,0.006081925892309908,,,0.006463049972031361
78,,0.005897740090343481,0.0030953334106015975,0.004346894674745272,,,0.0049138179223518815
79,,0.0076539887037749095,0.009327952627063495,0.005701271698490018,,,0.004259554579221003
80,,0.0077086054981918995,0.011971360258758069,0.009016633454787855,,,0.011920677759674921
81,,0.009256114059826358,0.0073806685957000205,0.009215400019093068,,,0.005568794849871969
82,,0.009394424761800716,0.006339416829723631,0.004693504195893183,,,0.00555869041903255
83,,0.011400513165669205,0.004124447226543756,0.0025883535975784375,,,0.014918010954473477
84,,0.005943113922209401,0.007545147485022123,0.009664350934811713,,,0.005286100224475378
85,,0.006413357508912062,0.01598807243523576,0.01141354971041437,,,
86,,0.009162251757030997,0.00596168084848614,0.00183180302119581,,,
87,,0.013662642232763271,0.014030694522080011,0.009357699384660615,,,
88,,0.005350759005849189,0.006121472322441456,0.00515291048019814,,,
89,,0.005174116997659439,0.007457819079718319,0.0036791732255854483,,,
90,,0.012766413317876868,0.006155752405175008,0.00563925793683211,,,
91,,0.006743980481284478,0.00826017777896292,0.008608453730509308,,,
92,,0.0036295955280972216,0.009199999020105072,0.004267268995560395,,,
93,,0.005186473776120693,0.010943285906068924,0.004416388943536731,,,
94,,0.014467028803968184,0.015907256526103686,0.007121750196650586,,,
95,,0.011709603288181825,0.008288937675843043,0.007892828147547938,,,
96,,0.008186716014536917,0.010840913458984384,0.011755034885815498,,,
97,,0.009597517496634586,0.008475537125680905,0.007757105009416894,,,
98,,0.0036618679390727493,0.0078112892986003605,0.005266960666161443,,,
99,,0.008849354290092986,0.0051602945597551296,0.013788196084351513,,,
100,,0.006671585841134703,0.013675876329458938,0.01402130409211774,,,
101,,0.0024496941418116567,0.007439708832923012,0.0065406537464393,,,
102,,0.009670081705462507,0.00885054076158364,0.010493325633312149,,,
103,,0.013530839552792408,0.007803648821815538,0.00846097496857207,,,
104,,0.008944905887862356,0.012179279848351142,0.013019295203169653,,,
105,,0.012124657422100428,0.010871291959968705,0.000698696390221206,,,
106,,0.0025384895472598144,0.012239332074144233,0.0031546350506687307,,,
107,,0.011182970398416122,0.007543770794503265,0.007437951046813395,,,
108,,0.004912890686500759,0.009842853117152116,0.009607893633074125,,,
109,,0.0033703362832966377,0.004713042522780598,0.005889638596272562,,,
110,,0.014520587750788159,0.008003080656999374,0.011637984903063626,,,
111,,0.006063603583606892,0.0076368108753134345,0.006811950857960861,,,
112,,0.0090935346748059,0.011276076796154182,0.0013727167360533107,,,
113,,0.009108284272345675,0.008333564786516943,0.013173496180873673,,,
114,,0.0035624602563378476,0.00551734390536088,0.007379455508877679,,,
115,,0.005652458104668768,0.005885233444860204,0.0057699950485281684,,,
116,,0.007227469173570474,0.014194800163386392,0.009954885248832094,,,
117,,0.01137364671449177,0.007233763032127172,0.010154933938126004,,,
118,,0.007657746645175696,0.013113858764215064,0.005195865531519908,,,
119,,0.009420649904253273,0.006000423956478092,0.00729630849903818,,,
120,,0.0037997730010829404,0.00788447677938772,0.0035686623164413807,,,
121,,0.013173082612532501,0.006003699936748793,0.012769402454432565,,,
122,,0.010607372876256705,0.006152579092304223,0.011624992953511536,,,
123,,0.01475215009547052,0.00803846006844348,0.007033436238513484,,,
124,,0.005594373523490503,0.0054437332921528055,0.0016325969692237174,,,
125,,0.013110254966886715,0.008063843686250039,0.0063691264566538555,,,
126,,0.005071343454377104,0.00700994861026629,0.0053448851598659535,,,
127,,0.014734135830076411,0.007396019412165818,0.014581164817354875,,,
128,,0.004781820319014212,0.006389351305794359,0.004553705957247682,,,
129,,0.006156932252391319,0.014317509216198232,0.004124814555204162,,,
130,,0.014841393915776279,0.013445612883272891,0.002962220509258865,,,
131,,0.006228220512821281,0.005953534091046701,0.00422500776379214,,,
132,,0.008387258858905016,0.004781685022559637,0.005809066695489188,,,
133,,0.01773389775771647,0.006299069577410894,0.0008473175355864743,,,
134,,0.01450058207459127,0.005347695706268496,0.007978642347128091,,,
135,,0.0035870158140217734,0.008878267279942521,0.004966995762273049,,,
136,,0.00786689384719163,0.010144830677018036,0.0070189767354653055,,,
137,,0.01088846835894704,0.007317985155054885,0.006415040285249537,,,
138,,0.007318765516538406,0.008182170146028513,0.0071711611521701945,,,
139,,0.004310817966324976,0.007017489641536184,0.005805038001320402,,,
140,,0.007919796692052235,0.007967174984514715,0.005370609378041991,,,
141,,0.004868978729886446,0.010797946934083785,0.005074361616667981,,,
142,,0.0096003808832999,0.008004826496956713,0.0104332204258147,,,
143,,0.007500922608839271,0.009818667650688439,0.014436417644659133,,,
144,,0.004531641343298057,0.004988136786778341,0.011728883697166265,,,
145,,0.009724794970922327,0.0039061327088347753,0.005222246249043868,,,
146,,0.013778919612135114,0.004892974497973531,0.008060322243060606,,,
147,,0.005249770265011952,0.005548265364359395,0.005217440993874334,,,
148,,0.012098333808050182,0.004628712662573283,0.004369945665045331,,,
149,,0.009445292645796145,0.008517299344142278,0.00864975194466145,,,
150,,0.011171082867197885,0.006116086910333251,0.0032633937696421836,,,
151,,0.0055392006800199555,0.007054544778172082,0.004350485026952811,,,
152,,0.011552607695557524,0.007488275381426016,0.0004511768914426284,,,
153,,0.008045310665814516,0.013071706662049109,0.004449709781086615,,,
154,,0.007295775148289369,0.014529990707524124,0.00913492296434318,,,
155,,0.007734641455196348,0.010140540841818316,0.006184367496462073,,,
156,,0.010334878053496747,0.0074397276633438505,0.00823053003404084,,,
157,,0.007900902522912171,0.01022367615563174,0.0049935782599883774,,,
158,,0.004827666678950966,0.007958177056813537,0.0027405862604306702,,,
159,,0.009721423092158451,0.011941302396250344,0.004583277542830426,,,
160,,0.005788094548915978,0.010354921981343067,0.004600373731773288,,,
161,,0.015259409724482491,0.007588175572224524,0.002176780018332162,,,
162,,0.01112396048362522,0.009245441460613317,0.004831345955608413,,,
163,,0.005769519353301197,0.008184156446562459,0.008075804677112804,,,
164,,0.0041080463359624755,0.008429374163036603,0.006029066467453958,,,
165,,0.004742257270360521,0.0057974092916992966,0.007503465728465622,,,
166,,0.006849547758368621,0.005171854002401234,0.008649519026099976,,,
167,,0.0052137984447351,0.013670560816535726,0.00709157440578565,,,
168,,0.011895719100721182,0.0060509522720773624,0.01952635726653777,,,
169,,0.005864026641938835,0.007359269240623688,0.003338411640637181,,,
170,,0.006619206517158698,0.007909536349082676,0.006117191957431108,,,
171,,0.007893408194649964,0.004867238529429112,0.003070085894160002,,,
172,,0.00699206638407001,0.014079322510224302,0.005211505700087097,,,
173,,0.003783854755465654,0.0053324235418889055,0.0032813118962318794,,,
174,,0.007777921315573621,0.006527386526613554,0.016510670216363602,,,
175,,0.013299265404445273,0.004837723187483788,0.007917879853630438,,,
176,,0.016067708001840705,0.005687739509448876,0.009753483192131778,,,
177,,0.014666571224491538,0.008461192831358252,0.004287510673081366,,,
178,,0.004205337075109129,0.010663574749681479,0.003514156892318473,,,
179,,0.01170863463388135,0.005496725419046319,0.004703335572382154,,,
180,,0.005421831766337467,0.005919380273553544,0.0068450171682343346,,,
181,,0.011862403662356278,0.01165755075441363,0.0062485968866894835,,,
182,,0.00636452887095705,0.005297949658597645,0.0006675823699273071,,,
183,,0.007755439960601505,0.005101106670917943,0.005525177736126352,,,
184,,0.003700276316233916,0.006701188340472679,0.007042015387529923,,,
185,,0.005986956296025406,0.005859599953206877,0.0035163128731558876,,,
186,,0.006967810816907635,0.00996140699216994,0.006608095826716938,,,
187,,0.013733197791346661,0.010481253641288883,0.007383091959248608,,,
188,,0.010686472810145158,0.00685274339860674,0.009982871076014515,,,
189,,0.013696168400808045,0.010777408356079831,0.01089940900662138,,,
190,,0.003592482687236043,0.011186416905062894,0.006876997426055218,,,
191,,0.008740592810014883,0.007697042716123785,0.003251240719925856,,,
192,,0.004733769913917739,0.005426194801111706,0.006415281095056949,,,
193,,0.007386498818110946,0.008552025497677581,0.007612559124269562,,,
194,,0.004775928147137165,0.005210441121986757,0.008212882207832688,,,
195,,0.012094381127947904,0.007779002813307064,0.005435396891941006,,,
196,,0.00914356796129141,0.013513170850152769,0.006964444909923865,,,
197,,0.007834343480256698,0.0035431554492485404,0.00034401136617816523,,,
198,,0.003816727992762026,0.007414828905893955,0.0049764106107128715,,,
199,,0.011538633975578704,0.010162134941007633,0.010101140705470848,,,
200,,0.01491580199217424,0.009061137709553198,0.004154499029876509,,,
201,,0.009009229221707452,0.013501567092074158,0.009980820841641012,,,
202,,0.0048470999754499635,0.004988220005907352,0.004860865903901868,,,
203,,0.006395591811451596,0.00900715328316437,0.011840784937703575,,,
204,,0.007046545709696754,0.0025212507937946308,0.012136002742530155,,,
205,,0.0055249458954979985,0.014246523373488647,0.007469868983753258,,,
206,,0.009138977841272815,0.006790652180158455,0.0045468764821028655,,,
207,,0.004799406017142853,0.005162528958559658,0.0023410948574261663,,,
208,,0.010815774243504469,0.011022299984567024,0.007617189857895333,,,
209,,0.007244383848956202,0.004537521616475715,0.011965313790521273,,,
210,,0.004936034209094942,0.00727110311005769,0.009790069560403937,,,
211,,0.014490012419022001,0.01074509241649745,0.006528183528765415,,,
212,,0.011779677642334715,0.006285616457656336,0.006076098321864266,,,
213,,0.012062464824217994,0.009895168122117564,0.010623148010805987,,,
214,,0.0023219232740909015,0.00884131504335528,0.004695082033867948,,,
215,,0.005485064310172067,0.005557801277609542,0.00994976638952115,,,
216,,0.009677980001045701,0.010602727389778011,0.00500438064767271,,,
217,,0.01513453186926199,0.007051107732210463,0.009786533440152807,,,
218,,0.008215903894597433,0.012298322766825246,0.01528433495744442,,,
219,,0.0065718955636839375,0.008236108876978203,0.010315924216411077,,,
220,,0.009188735018324224,0.003089116304909112,0.005272569006774574,,,
221,,0.003817389049800113,0.007599373895118333,0.007978441698219284,,,
222,,0.004344456236746434,0.007801699130019793,0.007112066310704298,,,
223,,0.00991815150361314,0.009364312793089385,0.005307522740622518,,,
224,,0.009121843571362358,0.007371075669895316,0.006631333626379881,,,
225,,0.005654383988227587,0.011102180028683503,0.008468713657930494,,,
226,,0.01013260235680112,0.0067549409105898415,0.007244861818586892,,,
227,,0.008849042757598607,0.007233660262136255,0.008188488561912285,,,
228,,0.006857422645164965,0.0019603664646335043,0.008216240582502603,,,
229,,0.010046399957991524,0.009457698650173067,0.016032211413160743,,,
230,,0.00513301774141534,0.013930096119778078,0.0037000504854101265,,,
231,,0.004829798227971575,0.0059059477986011175,0.008036395743935526,,,
232,,0.005257001247324904,0.007128595558848853,0.007102741940010067,,,
233,,0.0011811580538051202,0.006883773076090923,0.009554272216579798,,,
234,,0.009320161237337742,0.005740950477775187,0.012931019275220024,,,
235,,0.007676278591679874,0.005240890955307501,0.011854636107212477,,,
236,,0.003999855001165997,0.00818055530168446,0.0054778741083888844,,,
237,,0.008609953349029335,0.009292171610043927,0.003601690183374255,,,
238,,0.0031190112134936495,0.012576563546220616,0.002574509090845822,,,
239,,0.004448355209994285,0.008005949746075203,0.007016837815778369,,,
240,,0.004522043947630058,0.0037880946871382544,0.0037275968643371016,,,
241,,0.0030809585645026043,0.008261003323908275,0.003339420184299039,,,
242,,0.007177626812578335,0.008988275680409667,0.009576497126424026,,,
243,,0.003957017845823429,0.006100456720256868,0.007741416439239402,,,
244,,0.010117777188618978,0.011404172130520841,0.004292607284825559,,,
245,,0.003728433191524043,0.01880991345557656,0.007268503093049125,,,
246,,0.006118580468197857,0.004797495441895686,0.006473986963586261,,,
247,,0.01094118160714667,0.007210566919093254,0.0065006720057378216,,,
248,,0.001431449924696911,0.004769830458341554,0.002755470926452593,,,
249,,0.0027275503281695515,0.009734132990827976,0.010097605976625344,,,
250,,0.012416847482139321,0.008136538861557104,0.0066643435116323715,,,
251,,0.010094246419976116,0.005547681141373081,0.009368740367669182,,,
252,,0.006459611624510822,0.010850860645102026,0.0037110191664396553,,,
253,,0.009565279298112727,0.006769569531206798,0.011592038689802091,,,
254,,0.011837103915119466,0.008692392326580981,0.0035055508243810136,,,
255,,0.015986707454915934,0.002559783028603609,0.006570307324485233,,,
256,,0.006837372758066825,0.007618753970018587,0.004607175323326374,,,
257,,0.011371248056821059,0.006396388883149484,0.0033114380021288525,,,
258,,0.004062758379950536,0.011275515478822246,0.005265040311739236,,,
259,,0.007078254409195022,0.005634521468421858,0.012204005952420023,,,
260,,0.008243919215116573,0.0037514609789165367,0.016212239060162878,,,
261,,0.005077796778884173,0.005727572859420129,0.012954492509985963,,,
262,,0.005169662710492654,0.0074449684160451095,0.003612861083820462,,,
263,,0.008953803288325918,0.007003722987913837,0.005456431720962959,,,
264,,0.008545413950196234,0.007833100406643704,0.007708635447488633,,,
265,,0.011672701206164976,0.011384603926004882,0.00711260795481697,,,
266,,0.008661789448039296,0.009817932293420501,0.005174118816648842,,,
267,,0.006051210822624852,0.009967375906489906,0.004592852381392731,,,
268,,0.010454082327972477,0.007273761581503398,0.0037423764984851,,,
269,,0.014559093006149245,0.005485935646114134,0.010595112535277925,,,
270,,0.013798931657220239,0.006752313159146675,0.00872318696565344,,,
271,,0.005218467993260371,0.008515544279240807,0.006475062247227468,,,
272,,0.00615362341729148,0.008059459947980938,0.007625567835202673,,,
273,,0.011621961295653214,0.007089288658365451,0.0037826780598455415,,,
274,,0.004564670517296084,0.007125199457429213,0.004957258878615297,,,
275,,0.01439573775375417,0.0076888646154354015,0.004755022602815491,,,
276,,0.008108917515225281,0.006006943583270185,0.005979559904274841,,,
277,,0.005112773286358182,0.007387644003028981,0.0029442954512584646,,,
278,,0.011961163583085483,0.009313778853902476,0.0077091858552497195,,,
279,,0.009899791310272122,0.004664402932394295,0.009574818726590216,,,
280,,0.003066116346841833,0.005557790007636261,0.011998708848962756,,,
281,,0.009034771516841525,0.004152962129470932,0.008771639584604904,,,
282,,0.005116274408025371,0.00872075958395726,0.005873713506540906,,,
283,,0.007621298329468118,0.008352229563509658,0.007566578415571712,,,
284,,0.008641147133069654,,0.008174690718078638,,,
285,,0.00875149567770374,,0.0030003633893405397,,,
286,,0.0075538566925388295,,0.006951515135976176,,,
287,,0.00712546382662064,,0.0037846801239841926,,,
288,,0.012608185604525106,,0.01015609947886939,,,
289,,0.008959357776014561,,0.005142617846407424,,,
290,,0.0030439694231366356,,0.0067171554187856,,,
291,,0.005444791699119378,,0.009838664821048346,,,
292,,0.013181857109157135,,0.014854415651643648,,,
293,,0.005585207049747016,,0.00266024775237194,,,
294,,0.007838479845668189,,0.004802870663358286,,,
295,,0.008931873523518638,,0.0069266064789189835,,,
296,,0.002678085762454429,,0.004356439718200516,,,
297,,0.0056217891726798065,,0.005210343237240521,,,
298,,0.009183124447842299,,0.007161151236505248,,,
299,,0.01349727577374627,,0.005937599999197118,,,
300,,0.004846911415855477,,0.005612528324612262,,,
301,,0.004614735284121707,,0.0024897119149197046,,,
302,,0.009524617619657269,,0.009119213830369214,,,
303,,0.010860227549953076,,0.008781474228211057,,,
304,,0.00667169163740861,,0.007386083367843337,,,
305,,0.004485877904699009,,0.010462400497635827,,,
306,,0.005447400101790359,,0.008465380186135008,,,
307,,0.006116837315554828,,0.005840248706226703,,,
308,,0.011552104652704051,,0.0064429769191823045,,,
309,,0.003852215015770829,,0.007656590370849396,,,
310,,0.0067392056225799015,,0.011595998584137608,,,
311,,0.009031856443349777,,0.006425786980253178,,,
312,,0.01136643190147879,,0.0056384620227618145,,,
313,,0.01256538980572562,,0.009796223883070828,,,
314,,0.0029957477566616335,,0.007264028161322738,,,
315,,0.00815133548700639,,0.006786484982391509,,,
316,,0.010487887403117686,,0.008339943255365748,,,
317,,0.00919722688292192,,0.008058409923493551,,,
318,,0.007956554761040024,,0.006557324722840955,,,
319,,0.006775147270915718,,0.0007134089561380583,,,
320,,0.008709819430562978,,0.004375288962546619,,,
321,,0.005608602709253317,,0.005120125566099886,,,
322,,0.007298321369065283,,0.007233924404742235,,,
323,,0.0042192386107691,,0.00473386757815509,,,
324,,0.009488492405216676,,0.008160037815347703,,,
325,,0.00661876607294592,,0.0076070441486081105,,,
326,,0.010064187975755583,,0.007371746222027772,,,
327,,0.005837079805011551,,0.0021660500091381135,,,
328,,0.00972079420146959,,0.005030777897142494,,,
329,,0.003896114978124388,,0.011055343664141522,,,
330,,0.006603440434264485,,0.005505172319620518,,,
331,,0.005207075181230419,,0.008448398155208755,,,
332,,0.010882663598749788,,0.008431397195514969,,,
333,,0.009934262546206205,,0.0030817856442392137,,,
334,,0.00815789312667524,,0.00537187210029515,,,
335,,0.00804463747056919,,0.0034954759302005794,,,
336,,0.007448013097503766,,0.012170518876519055,,,
337,,0.0077807061796193,,0.006871934413902637,,,
338,,0.004691633655641663,,0.0031509346213473084,,,
339,,0.012504704979558785,,0.0079994220356942,,,
340,,0.011032853601985457,,0.004601909262904277,,,
341,,0.008770002034725624,,0.00458501090373223,,,
342,,0.009790266893590645,,0.0068735884332151425,,,
343,,0.011424480001611908,,0.003971546117888162,,,
344,,0.0070176440389332125,,0.012501258274035835,,,
345,,0.006375838029998703,,0.0031729315041654138,,,
346,,0.01394435164669024,,0.006521165558903401,,,
347,,0.012765893668741531,,0.0022805423000439385,,,
348,,0.0035539957391089653,,0.009261147766180025,,,
349,,0.011310576122074662,,0.007479558096990028,,,
350,,0.002155536336097915,,0.005466579267037257,,,
351,,0.0119324367842637,,0.005079198931343853,,,
352,,0.008844028161062547,,0.004010782654101302,,,
353,,0.007462936979330455,,0.002945549205954497,,,
354,,0.0029858261021824244,,0.010267637723882216,,,
355,,0.007625924861834695,,0.006509404203522234,,,
356,,0.014741746390185047,,0.007598363959368725,,,
357,,0.008454538273508661,,0.0045201412687674745,,,
358,,0.007695118090487086,,0.005393126443474709,,,
359,,0.008111100416863335,,0.014197600993793458,,,
360,,0.005899447345367056,,0.008537118295983722,,,
361,,0.007337071206226635,,0.007686882042980869,,,
362,,0.012083987837346892,,0.004983973641841052,,,
363,,0.01017964190299002,,0.0004797154324412153,,,
364,,0.011623740287177498,,0.004770302826849122,,,
365,,0.01135593285628905,,0.008837401445634899,,,
366,,0.01145296757288937,,0.00672067944057441,,,
367,,0.005525015961029566,,0.0031391585303936153,,,
368,,0.005699960878215885,,0.005442597850136129,,,
369,,0.005691741412738338,,0.00707803451602255,,,
370,,0.00761598773424339,,0.010346546587970806,,,
371,,0.006337047202396206,,0.0070603145681767876,,,
372,,0.007593365083812386,,0.006873043436219937,,,
373,,0.005935907894308912,,0.010445733793312685,,,
374,,0.005177793236786479,,0.005050360636535819,,,
375,,0.013989958900492637,,0.003432428838065486,,,
376,,0.005411984076878677,,0.003131718608589532,,,
377,,0.010292026227883375,,0.0046393818710081785,,,
378,,0.010088020865805446,,0.0023788037704131665,,,
379,,0.007040005896700071,,0.0033906623622897317,,,
380,,0.0037648239164506476,,0.01623582806593428,,,
381,,0.002857723978271073,,0.007521257007707997,,,
382,,0.0074910181268933234,,0.007475316214064756,,,
383,,0.006429684666606287,,0.005502662385454945,,,
384,,0.007435075487956056,,0.005072706259185604,,,
385,,0.004688495645738537,,0.006938878834747205,,,
386,,0.006917724371472407,,0.007050328391778748,,,
387,,0.00667098815732364,,0.006825901416110962,,,
388,,0.008801751136828292,,0.01088857087427944,,,
389,,0.009458776412793668,,0.004691567322273235,,,
390,,0.004257954873901327,,0.0042067635198084945,,,
391,,0.012350894928628502,,0.010022957962549603,,,
392,,0.013308865732202926,,0.006970525917131454,,,
393,,0.0078217147192845,,0.010110661596991121,,,
394,,0.013885301910340783,,0.006615250310763562,,,
395,,0.012065199598024871,,0.0025897969632448325,,,
396,,0.007872515087243907,,0.015727293171585187,,,
397,,0.0035285861402977996,,0.004099449159790917,,,
398,,0.0022273501448580642,,0.00900747957771273,,,
399,,0.00785947298281826,,0.005021173745626584,,,
400,,0.0062096971465507534,,0.005295719076419421,,,
401,,0.00622739166028623,,0.005392765087647906,,,
402,,0.006528944818516418,,0.008444945928446638,,,
403,,0.011175097280405074,,0.006308711336775256,,,
404,,0.0074460908338854406,,0.005738212649672885,,,
405,,0.004711222260448267,,0.009236155297063913,,,
406,,0.0087016138061396,,0.0064729151562157,,,
407,,0.00466680487367436,,0.006129595642732966,,,
408,,0.006494189590739551,,0.008804315517651654,,,
409,,0.007337093747143324,,0.0012189998337513923,,,
410,,0.005322290537575706,,0.010078784167611349,,,
411,,0.005602652838570065,,0.006301730014168544,,,
412,,0.006928718408259253,,0.011367331589766157,,,
413,,0.004660161246586842,,0.010728823929215042,,,
414,,0.006622741783697469,,0.01190877595023873,,,
415,,0.009722387307556346,,0.005737968866499917,,,
416,,0.007130844605853781,,0.010521453738329002,,,
417,,0.008427383754428775,,0.006242774169368204,,,
418,,0.007858363506966273,,0.008409214105146627,,,
419,,0.0053423130128067,,0.009424803218765496,,,
420,,0.01069614420751653,,0.005171203161504915,,,
421,,0.006125067967756574,,0.004766749016319713,,,
422,,0.006457012665487127,,0.0017862386745036924,,,
423,,0.01096552934917175,,0.008909719494598296,,,
424,,0.005500471767603205,,0.0004695034721711029,,,
425,,0.014613923913566395,,0.0013742712374854211,,,
426,,0.0060052963419972615,,0.00990336687270125,,,
427,,0.00490745315340367,,0.007991600679815749,,,
428,,0.005847838865641582,,0.011591599842843909,,,
429,,0.00744402558884758,,0.007323470619545938,,,
430,,0.00344316237460589,,0.0057365300453966475,,,
431,,0.005590348850576751,,0.010448613416519946,,,
432,,0.011475943555115008,,0.0031920196949310285,,,
433,,0.005866264194385925,,0.0035571216314565397,,,
434,,0.005563269623720165,,0.0029287775420016263,,,
435,,0.016721906115223346,,0.0051906756857836925,,,
436,,0.009565685759298503,,0.004177043449658413,,,
437,,0.007616229469870934,,0.0006745144747280088,,,
438,,0.01618714036885649,,0.003289546480921975,,,
439,,0.0032701754999531355,,0.008297532531044757,,,
440,,0.008858830555982421,,0.005695803776325192,,,
441,,0.004863172832604809,,0.010114942545381684,,,
442,,0.009309580361392969,,0.0030229286978700047,,,
443,,0.007160023332350345,,0.008420740226089643,,,
444,,0.006666138888855736,,0.003917899450546732,,,
445,,0.00640171477328598,,0.00935834007274631,,,
446,,0.01115364858803029,,0.00973258355030945,,,
447,,0.006247179592901376,,0.006879368248337413,,,
448,,0.01428517800911019,,0.003147805910005748,,,
449,,0.008580035309933011,,,,,
450,,0.002590477346408685,,,,,
451,,0.007043658564361976,,,,,
452,,0.012883588140054296,,,,,
453,,0.014108800915225098,,,,,
454,,0.006181221691682974,,,,,
455,,0.010849124030816407,,,,,
456,,0.006029701532194546,,,,,
457,,0.00705048615114568,,,,,
458,,0.01053821287835793,,,,,
459,,0.006037121310642608,,,,,
460,,0.006360957327706273,,,,,
461,,0.00910414459600967,,,,,
462,,0.005512371413684983,,,,,
463,,0.008762894751271231,,,,,
464,,0.005631173064466567,,,,,
465,,0.007500099377587806,,,,,
466,,0.0070733237498643575,,,,,
467,,0.008604960855154786,,,,,
468,,0.008908434363547714,,,,,
469,,0.007531403674268707,,,,,
470,,0.004955239439732395,,,,,
471,,0.008925893320459484,,,,,
472,,0.007585705286631612,,,,,
473,,0.006581009068759159,,,,,
474,,0.005636180951599575,,,,,
475,,0.007077405520249159,,,,,
476,,0.006627276053647316,,,,,
477,,0.00426185711163877,,,,,
478,,0.009799797490268247,,,,,
479,,0.00632571467431262,,,,,
480,,0.010984430320483322,,,,,
481,,0.0055086304739234045,,,,,
482,,0.016599204181693496,,,,,
483,,0.006011005108787989,,,,,
484,,0.009064776359082316,,,,,
485,,0.015791184145928127,,,,,
486,,0.0018041781018837354,,,,,
487,,0.010309228470093029,,,,,
488,,0.008527091384409383,,,,,
489,,0.007834058636217379,,,,,
490,,0.008819713261133682,,,,,
491,,0.014895338157657536,,,,,
492,,0.010570259514497596,,,,,
493,,0.013619181704901472,,,,,
494,,0.005293026121080403,,,,,
495,,0.014795103360180898,,,,,
496,,0.010980847539030949,,,,,
497,,0.008574981853477463,,,,,
498,,0.010725146593176759,,,,,
499,,0.00572483044816181,,,,,
500,,0.006435383515054127,,,,,
501,,0.011054462616236075,,,,,
502,,0.007834472481939277,,,,,
503,,0.006604817480547354,,,,,
504,,0.007085592566484895,,,,,
505,,0.010625328931564584,,,,,
506,,0.003705988735538312,,,,,
507,,0.009296485195469965,,,,,
508,,0.011554119834909213,,,,,
509,,0.006487965439252244,,,,,
510,,0.010489657070866088,,,,,
511,,0.005588735166626672,,,,,
512,,0.00792245703341905,,,,,
513,,0.011500836666649169,,,,,
514,,0.004635319623563798,,,,,
515,,0.007244330429724262,,,,,
516,,0.009923709673360766,,,,,
517,,0.006137206531479931,,,,,
518,,0.007218760070585025,,,,,
519,,0.0049595268942539406,,,,,
520,,0.007218396248693654,,,,,
521,,0.004418068666321536,,,,,
522,,0.0048573521593804495,,,,,
523,,0.011654954437472043,,,,,
524,,0.011469856350837896,,,,,
525,,0.009200751385045199,,,,,
526,,0.008991409193792304,,,,,
527,,0.009225138119654731,,,,,
528,,0.004076573214842938,,,,,
529,,0.00803655016158397,,,,,
530,,0.009044556862985095,,,,,
531,,0.012606668557661276,,,,,
532,,0.006247324156079988,,,,,
533,,0.0059894078731304035,,,,,
534,,0.010765168729509849,,,,,
535,,0.00920244433315626,,,,,
536,,0.01236724160068358,,,,,
537,,0.005231739030690126,,,,,
538,,0.006612504914179833,,,,,
539,,0.005578565741840673,,,,,
540,,0.0051936254212099206,,,,,
541,,0.005708265823523106,,,,,
542,,0.00569085563038243,,,,,
543,,0.006857779926031072,,,,,
544,,0.005885402417819327,,,,,
545,,0.007924465673128604,,,,,
546,,0.011378283076919616,,,,,
547,,0.009013754312885189,,,,,
548,,0.005776454899751116,,,,,
549,,0.00832577575686931,,,,,
550,,0.006334518923540599,,,,,
551,,0.012670501789155724,,,,,
552,,0.008884546072598217,,,,,
553,,0.0062622763238323375,,,,,
554,,0.006672181274431447,,,,,
555,,0.005094494031436625,,,,,
556,,0.01964455362564574,,,,,
557,,0.009916056285146625,,,,,
558,,0.008846748756817156,,,,,
559,,0.0028769136511679486,,,,,
560,,0.0031540631702834314,,,,,
561,,0.006430386466066314,,,,,
562,,0.006495461068273775,,,,,
563,,0.008562718656321522,,,,,
564,,0.006756189446059578,,,,,
565,,0.010296160066354788,,,,,
566,,0.013838002143893392,,,,,
567,,0.010467178203483248,,,,,
568,,0.011334992434907085,,,,,
569,,0.009991808362368222,,,,,
570,,0.006689040596635702,,,,,
571,,0.004281135982697985,,,,,
572,,0.0067384527564475615,,,,,
573,,0.00934096316207918,,,,,
574,,0.01594754701945931,,,,,
575,,0.01142314864943425,,,,,
576,,0.010312193042288222,,,,,
577,,0.007668602882040431,,,,,
578,,0.012795778517223275,,,,,
579,,0.01555666290029573,,,,,
580,,0.00921254541487239,,,,,
581,,0.0033681842219569565,,,,,
582,,0.00502217727342516,,,,,
583,,0.017327654253070555,,,,,
584,,0.003709135586772542,,,,,
585,,0.008689309232674226,,,,,
586,,0.01232916827430017,,,,,
587,,0.008330181739438558,,,,,
588,,0.011129452344781993,,,,,
589,,0.004597828669648152,,,,,
590,,0.010820201822207309,,,,,
591,,0.01035369995952351,,,,,
592,,0.008611801678004365,,,,,
593,,0.00693054808495314,,,,,
594,,0.0076002909059752705,,,,,
595,,0.0093564362716279,,,,,
596,,0.01247494655626724,,,,,
597,,0.010438479691705044,,,,,
598,,0.003773894373201377,,,,,
599,,0.004895502057479461,,,,,
600,,0.006622170344538366,,,,,
601,,0.003965182445646557,,,,,
602,,0.012097475737876569,,,,,
603,,0.009952227449442339,,,,,
604,,0.011448287323582919,,,,,
605,,0.012449077134563896,,,,,
606,,0.01578197839941519,,,,,
607,,0.004568573196176356,,,,,
608,,0.008036107861031875,,,,,
609,,0.004529905478314808,,,,,
610,,0.0039012877151738696,,,,,
611,,0.0068041931325448475,,,,,
612,,0.003483000095972481,,,,,
613,,0.009236653237652112,,,,,
614,,0.003149996437180865,,,,,
615,,0.011246000323444605,,,,,
616,,0.007632329366363895,,,,,
617,,0.0085586488484599,,,,,
618,,0.006907172753775135,,,,,
619,,0.005880392581942335,,,,,
620,,0.00597967472676828,,,,,
621,,0.011348131952642386,,,,,
622,,0.014360386904930543,,,,,
623,,0.004122777160955593,,,,,
624,,0.006615802221737492,,,,,
625,,0.007748355076182635,,,,,
626,,0.008812568813785521,,,,,
627,,0.004455268553147107,,,,,
628,,0.004086716014232176,,,,,
629,,0.010585730060120112,,,,,
630,,0.00968018683415721,,,,,
631,,0.005962545182895458,,,,,
632,,0.006713071321913352,,,,,
633,,0.00688660494342912,,,,,
634,,0.007137656343790391,,,,,
635,,0.010080322168262986,,,,,
636,,0.00570548199369417,,,,,
637,,0.006899952348127651,,,,,
638,,0.012734705091255212,,,,,
639,,0.01079772023949772,,,,,
640,,0.008597124783166996,,,,,
641,,0.011665301468019607,,,,,
642,,0.01720886571953694,,,,,
643,,0.0034882315892597647,,,,,
644,,0.005161160623644415,,,,,
645,,0.008745401756217082,,,,,
646,,0.008264377138160245,,,,,
647,,0.007242140018691619,,,,,
648,,0.010095060979559397,,,,,
649,,0.008635642298031598,,,,,
650,,0.006111454536767269,,,,,
651,,0.005093029751636398,,,,,
652,,0.008920258598421545,,,,,
653,,0.0072351807626546355,,,,,
654,,0.012060868020974643,,,,,
655,,0.006322454117859403,,,,,
656,,0.007887444333876677,,,,,
657,,0.015695023738468684,,,,,
658,,0.00788155397773759,,,,,
659,,0.011294504425798851,,,,,
660,,0.0021600026939267987,,,,,
661,,0.002701630488688049,,,,,
662,,0.011870365624781698,,,,,
663,,0.0066958072164197795,,,,,
664,,0.009123080576015734,,,,,
665,,0.009165476383835388,,,,,
666,,0.004862460040991815,,,,,
667,,0.009672205865930057,,,,,
668,,0.011998077932124337,,,,,
669,,0.009878135146573186,,,,,
670,,0.0056951628988220655,,,,,
671,,0.008236887963721528,,,,,
672,,0.010743084940865327,,,,,
673,,0.008349849423393608,,,,,
674,,0.0068431662548391605,,,,,
675,,0.004476450538398543,,,,,
676,,0.01020916795047621,,,,,
677,,0.004073913419172943,,,,,
678,,0.008232445288376767,,,,,
679,,0.006186077120764822,,,,,
680,,0.008428940638744583,,,,,
681,,0.015728676214348526,,,,,
682,,0.003142680447005356,,,,,
683,,0.006083845298750627,,,,,
684,,0.00272331472242513,,,,,
685,,0.008929039629583713,,,,,
686,,0.005589848848345962,,,,,
687,,0.007974045669592063,,,,,
688,,0.015308170721740075,,,,,
689,,0.014625328812204921,,,,,
690,,0.008259064585824186,,,,,
691,,0.01489594500987247,,,,,
692,,0.004686050192200734,,,,,
693,,0.005992836387061592,,,,,
694,,0.005045559462754076,,,,,
695,,0.010603974034165731,,,,,
696,,0.0027424322756663365,,,,,
697,,0.006923801705124789,,,,,
698,,0.006918333822492665,,,,,
699,,0.006088463315245462,,,,,
700,,0.012190089801758102,,,,,
701,,0.010843152738137482,,,,,
702,,0.009913430490996689,,,,,
703,,0.01167013681236616,,,,,
704,,0.007259664791248118,,,,,
705,,0.008616289387039917,,,,,
706,,0.007226542544352317,,,,,
707,,0.012104868822886299,,,,,
708,,0.00964833670950611,,,,,
709,,0.006350212974939495,,,,,
710,,0.006801101749382117,,,,,
711,,0.014401325001381339,,,,,
712,,0.018029843377977764,,,,,
713,,0.009128410803774993,,,,,
714,,0.005168646130520452,,,,,
715,,0.01585873085447626,,,,,
716,,0.008973181565003567,,,,,
717,,0.009296067236573434,,,,,
718,,0.008846324733167422,,,,,
719,,0.002204922839033922,,,,,
720,,0.006272022218036,,,,,
721,,0.00467211243279356,,,,,
722,,0.008610276020287227,,,,,
723,,0.011958180938381701,,,,,
724,,0.010154208619981847,,,,,
725,,0.005621578354233255,,,,,
726,,0.006094917162166287,,,,,
727,,0.0017991758735301266,,,,,
728,,0.010494064496015197,,,,,
729,,0.006441807747008474,,,,,
730,,0.0070697040833086556,,,,,
731,,0.011965454767535749,,,,,
732,,0.02050521035368244,,,,,
733,,0.005330454983292535,,,,,
734,,0.009257454254899737,,,,,
735,,0.004628247375512729,,,,,
736,,0.011615350728000826,,,,,
737,,0.013158918612559014,,,,,
738,,0.006145875093837579,,,,,
739,,0.003919221154258896,,,,,
740,,0.008670277456985785,,,,,
741,,0.006337356545145667,,,,,
742,,0.007697267324995967,,,,,
743,,0.005411353879208037,,,,,
744,,0.004213164198457282,,,,,
745,,0.005534728408611044,,,,,
746,,0.01540647594689896,,,,,
747,,0.0037276857306968243,,,,,
748,,0.005774900941226709,,,,,
749,,0.006200168210489211,,,,,
750,,0.009835095789458136,,,,,
751,,0.004516432022993892,,,,,
752,,0.004825059473690392,,,,,
753,,0.006382491663922944,,,,,
754,,0.00761158034147229,,,,,
755,,0.012031793573381341,,,,,
756,,0.010677931539248675,,,,,
757,,0.004477718527899318,,,,,
758,,0.009935356697436268,,,,,
759,,0.003144548281852622,,,,,
760,,0.013212570800775819,,,,,
761,,0.010206226401108628,,,,,
762,,0.011415918805626764,,,,,
763,,0.004710017934606489,,,,,
764,,0.006076453033407841,,,,,
765,,0.0029893557089962996,,,,,
766,,0.0061729798996566386,,,,,
767,,0.0040482508521866595,,,,,
768,,0.006117524253204465,,,,,
769,,0.004655601426566135,,,,,
770,,0.013193445448268903,,,,,
771,,0.0075534747239847395,,,,,
772,,0.007960635881014847,,,,,
773,,0.009295927655087629,,,,,
774,,0.009636176090377072,,,,,
775,,0.008148158959860059,,,,,
776,,0.005357275903710008,,,,,
777,,0.004809648909576937,,,,,
778,,0.01213693708026161,,,,,
779,,0.01117272181448546,,,,,
780,,0.009078315553779248,,,,,
781,,0.010431478547980077,,,,,
782,,0.007404430327793914,,,,,
783,,0.009084707679479227,,,,,
784,,0.005206634520679168,,,,,
785,,0.0075807260784282945,,,,,
786,,0.008730952338131223,,,,,
787,,0.004855442398729792,,,,,
788,,0.014002736307641803,,,,,
789,,0.009095506918068472,,,,,
790,,0.0077688127484483015,,,,,
791,,0.007539798257615378,,,,,
792,,0.00476048680623838,,,,,
793,,0.010474887431094732,,,,,
794,,0.007749556005001068,,,,,
795,,0.008648622889935117,,,,,
796,,0.011185888555579978,,,,,
797,,0.004789252813740557,,,,,
798,,0.010259264908381737,,,,,
799,,0.009099681626685197,,,,,
800,,0.01187361070172604,,,,,
801,,0.006816403168340911,,,,,
802,,0.002848638165869488,,,,,
803,,0.0026246524460172317,,,,,
804,,0.005576171623154852,,,,,
805,,0.00871068299960219,,,,,
806,,0.006150616361022309,,,,,
807,,0.0060926994017791,,,,,
808,,0.005371166350475203,,,,,
809,,0.005263918460696004,,,,,
810,,0.007858065684558824,,,,,
811,,0.01071013945620507,,,,,
812,,0.008441492680382605,,,,,
813,,0.008345794364868195,,,,,
814,,0.013792732637375595,,,,,
815,,0.0032979850581038284,,,,,
816,,0.005604663257448315,,,,,
817,,0.012392412566017206,,,,,
818,,0.007803062801637375,,,,,
819,,0.01654082559980452,,,,,
820,,0.00495108140451824,,,,,
821,,0.015354765625670553,,,,,
822,,0.004652173047118897,,,,,
823,,0.007923941055196337,,,,,
824,,0.008644812914038387,,,,,
825,,0.006468276677818114,,,,,
826,,0.005294784358072017,,,,,
827,,0.008266314926246802,,,,,
828,,0.011511306142832233,,,,,
829,,0.008969590771206036,,,,,
830,,0.007958941629961677,,,,,
831,,0.011486137202215712,,,,,
832,,0.008422604105241286,,,,,
833,,0.012273366547500095,,,,,
834,,0.00819704661165209,,,,,
835,,0.003485120823703861,,,,,
836,,0.015068616062247504,,,,,
837,,0.003830848566334074,,,,,
838,,0.012420153229807813,,,,,
839,,0.012205736246930126,,,,,
840,,0.019726984424050895,,,,,
841,,0.010118004048126749,,,,,
842,,0.005009226248815442,,,,,
843,,0.006812386796809732,,,,,
844,,0.0058738656479363285,,,,,
845,,0.007488021279762811,,,,,
846,,0.006897001377850149,,,,,
847,,0.008430436250637286,,,,,
848,,0.00597234384525412,,,,,
849,,0.008554073516279457,,,,,
850,,0.005350071288315423,,,,,
851,,0.009045891044661403,,,,,
852,,0.01859878079764409,,,,,
853,,0.0025089947686259013,,,,,
854,,0.005480025757181768,,,,,
855,,0.004847901371355571,,,,,
856,,0.012264183085062542,,,,,
857,,0.006678973441012204,,,,,
858,,0.007362241493926073,,,,,
859,,0.008827059279792594,,,,,
860,,0.010595701330142522,,,,,
861,,0.008198321517556905,,,,,
862,,0.008482237854089665,,,,,
863,,0.009735045516936224,,,,,
864,,0.005831748077859325,,,,,
865,,0.014518302892004915,,,,,
866,,0.013102700507927997,,,,,
867,,0.0020614449730298173,,,,,
868,,0.010396946006949292,,,,,
869,,0.007352738641202451,,,,,
870,,0.007368609314774706,,,,,
871,,0.007672777295859608,,,,,
872,,0.013423799841499813,,,,,
873,,0.018534885093201107,,,,,
874,,0.007932915530788402,,,,,
875,,0.006897890976203296,,,,,
876,,0.010130129382984403,,,,,
877,,0.007839618937153622,,,,,
878,,0.0029299033790266553,,,,,
879,,0.006283765732890364,,,,,
880,,0.008838730387894126,,,,,
881,,0.019473671240848485,,,,,
882,,0.007626755526386355,,,,,
883,,0.007577697633860224,,,,,
884,,0.011971146727834517,,,,,
885,,0.007849420368438586,,,,,
886,,0.0054851516208145774,,,,,
887,,0.007238992976878459,,,,,
888,,0.008641110573626066,,,,,
889,,0.005203962144393396,,,,,
890,,0.005734640697240442,,,,,
891,,0.003717821853448792,,,,,
892,,0.00530843905871734,,,,,
893,,0.010237046114950014,,,,,
894,,0.009259538036591646,,,,,
895,,0.009850665780929075,,,,,
896,,0.006878537727576866,,,,,
897,,0.008202497796567816,,,,,
898,,0.0048778856541806205,,,,,
899,,0.004150109075453656,,,,,
900,,0.014033845210603127,,,,,
901,,0.008976138731183407,,,,,
902,,0.014869512483710426,,,,,
903,,0.006681061643272794,,,,,
904,,0.00780968259787187,,,,,
905,,0.008163438608729241,,,,,
906,,0.008744411255853872,,,,,
907,,0.014513794877954449,,,,,
908,,0.013443694325542311,,,,,
909,,0.004415899974022371,,,,,
910,,0.008238275516972256,,,,,
911,,0.009082203051972708,,,,,
912,,0.010189516388709309,,,,,
913,,0.01501310093056721,,,,,
914,,0.01329304790997412,,,,,
915,,0.007861575110776661,,,,,
916,,0.004517802421954305,,,,,
917,,0.006370925575690006,,,,,
918,,0.006345122583055247,,,,,
919,,0.005230968338097834,,,,,
920,,0.004386951349624723,,,,,
921,,0.006808238429615206,,,,,
922,,0.01029796992709938,,,,,
923,,0.011139111103208657,,,,,
924,,0.007017871860959227,,,,,
925,,0.008638780973948693,,,,,
926,,0.010575816619029866,,,,,
927,,0.007970018395705361,,,,,
928,,0.007438020613335539,,,,,
929,,0.002460272800696354,,,,,
930,,0.007870824687900799,,,,,
931,,0.006560786136954752,,,,,
932,,0.007913534463538477,,,,,
933,,0.013775663703563623,,,,,
934,,0.00796534831012347,,,,,
935,,0.00792379325478881,,,,,
936,,0.0015413661782076814,,,,,
937,,0.004248036900147175,,,,,
938,,0.007649509266533035,,,,,
939,,0.00960427794040394,,,,,
940,,0.006274510296043445,,,,,
941,,0.00933813413154591,,,,,
942,,0.013292424518537394,,,,,
943,,0.005049692958709784,,,,,
944,,0.0050481241526237385,,,,,
945,,0.012028135425134676,,,,,
946,,0.004236428588713656,,,,,
947,,0.008473653660621494,,,,,
948,,0.007888638608195227,,,,,
949,,0.009409222313843201,,,,,
950,,0.005985865854866764,,,,,
951,,0.01570599808243666,,,,,
952,,0.00874024054634598,,,,,
953,,0.007963267169058477,,,,,
954,,0.0049406244400112586,,,,,
955,,0.006432449294273587,,,,,
956,,0.00821011503333769,,,,,
957,,0.019463072194290967,,,,,
958,,0.010493663965462474,,,,,
959,,0.003126886876755937,,,,,
960,,0.003937280398774116,,,,,
961,,0.009439156049241622,,,,,
962,,0.008593664605480928,,,,,
963,,0.003263566302969897,,,,,
964,,0.003811935763042129,,,,,
965,,0.005117892288641693,,,,,
966,,0.007907503461077188,,,,,
967,,0.006550481372566233,,,,,
968,,0.016412988466133052,,,,,
969,,0.005688523633337657,,,,,
970,,0.006185864825965837,,,,,
971,,0.007341090436481561,,,,,
972,,0.003335145266100881,,,,,
973,,0.004559231139728581,,,,,
974,,0.004491678345220862,,,,,
975,,0.004895166106143733,,,,,
976,,0.00535897150960712,,,,,
977,,0.009413294356879001,,,,,
978,,0.009121468653514361,,,,,
979,,0.007006185737676181,,,,,
980,,0.005195678862219211,,,,,
981,,0.005798226741778005,,,,,
982,,0.0036032264547732973,,,,,
983,,0.007896722918424835,,,,,
984,,0.008745437717395058,,,,,
985,,0.015265815982517474,,,,,
986,,0.002458074920044358,,,,,
987,,0.004316771856974811,,,,,
988,,0.007701434691261966,,,,,
989,,0.010252122550931142,,,,,
990,,0.005510170932393523,,,,,
991,,0.013763785071205344,,,,,
992,,0.013454483515427757,,,,,
993,,0.002550955490429867,,,,,
994,,0.010877882461378857,,,,,
995,,0.01412622051781606,,,,,
996,,0.006119739506417923,,,,,
997,,0.006620635842045886,,,,,
998,,0.005304135453116034,,,,,
999,,0.007649724758812225,,,,,
1000,,0.0067977028301053595,,,,,
1001,,0.00980863750495094,,,,,
1002,,0.0044708603305480205,,,,,
1003,,0.01300537123097456,,,,,
1004,,0.002288930964217191,,,,,
1005,,0.009380484966580603,,,,,
1006,,0.003917669934829367,,,,,
1007,,0.011688527119940773,,,,,
1008,,0.012966760837783416,,,,,
1009,,0.0022344510191639223,,,,,
1010,,0.006359623366006418,,,,,
1011,,0.008749338140478357,,,,,
1012,,0.005509386293609472,,,,,
1013,,0.009152941715971488,,,,,
1014,,0.007804198661081804,,,,,
1015,,0.006551313566645452,,,,,
1016,,0.00396047850845207,,,,,
1017,,0.0063976840368316825,,,,,
1018,,0.007372667324185993,,,,,
1019,,0.00825414977092199,,,,,
1020,,0.007114737980130788,,,,,
1021,,0.006623365287183939,,,,,
1022,,0.006864541781093672,,,,,
1023,,0.005878999279836232,,,,,
1024,,0.007954337035577434,,,,,
1025,,0.010671964299884469,,,,,
1026,,0.011147448362316938,,,,,
1027,,0.006079609489340025,,,,,
1028,,0.009615154657270369,,,,,
1029,,0.004785676139302571,,,,,
1030,,0.009556903020469083,,,,,
1031,,0.005993040905256447,,,,,
1032,,0.007784019950243723,,,,,
1033,,0.008258212196354484,,,,,
1034,,0.00612450782009546,,,,,
1035,,0.00824594108586704,,,,,
1036,,0.006392915637540379,,,,,
1037,,0.008181518377872026,,,,,
1038,,0.005996792714950061,,,,,
1039,,0.009913119929842652,,,,,
1040,,0.005725463545725991,,,,,
1041,,0.009654616945772432,,,,,
1042,,0.008784274168040914,,,,,
1043,,0.007642230353424869,,,,,
1044,,0.003656089082808952,,,,,
1045,,0.008822716237045823,,,,,
1046,,0.004254557569462729,,,,,
1047,,0.006125914117486293,,,,,
1048,,0.008844561356818303,,,,,
1049,,0.0069857059118173005,,,,,
1050,,0.005414767417581364,,,,,
1051,,0.0075493071170058094,,,,,
1052,,0.012382867070361198,,,,,
1053,,0.00927309109053264,,,,,
1054,,0.007591201477528859,,,,,
1055,,0.002450851574637151,,,,,
1056,,0.0062475996579451016,,,,,
1057,,0.01386125063072541,,,,,
1058,,0.016011561986912663,,,,,
1059,,0.004687236593857355,,,,,
1060,,0.008165465060907689,,,,,
1061,,0.008961144587616824,,,,,
1062,,0.0105769966263324,,,,,
1063,,0.005433406738059906,,,,,
1064,,0.004987902803380469,,,,,
1065,,0.005208044418842898,,,,,
1066,,0.0025485695317077747,,,,,
1067,,0.006885771854043318,,,,,
1068,,0.006276966589121003,,,,,
1069,,0.004653546076345568,,,,,
1070,,0.009414403689515894,,,,,
1071,,0.011135829714961194,,,,,
1072,,0.018521808595687615,,,,,
1073,,0.0018266360494180846,,,,,
1074,,0.003908189666011216,,,,,
1075,,0.007240354209958846,,,,,
1076,,0.009739069320979375,,,,,
1077,,0.006517346404931837,,,,,
1078,,0.007126068471310039,,,,,
1079,,0.006827610142242217,,,,,
1080,,0.0043359225770473134,,,,,
1081,,0.010921798603764422,,,,,
1082,,0.006956738946125066,,,,,
1083,,0.007820880231884075,,,,,
1084,,0.007989918047678657,,,,,
1085,,0.005382222016487503,,,,,
1086,,0.010120142264349853,,,,,
1087,,0.003771342374481416,,,,,
1088,,0.005708506421554678,,,,,
1089,,0.016099632348050362,,,,,
1090,,0.011119142863511419,,,,,
1091,,0.004504582733594967,,,,,
1092,,0.006230626718873584,,,,,
1093,,0.010102639131461427,,,,,
1094,,0.008679572398492989,,,,,
1095,,0.007977097911013212,,,,,
1096,,0.0040418436061675795,,,,,
1097,,0.006834372923428115,,,,,
1098,,0.005942328658420592,,,,,
1099,,0.003336230344286021,,,,,
1100,,0.006641983821828034,,,,,
1101,,0.0073806277900682,,,,,
1102,,0.006431357750322301,,,,,
1103,,0.0076639649589803115,,,,,
1104,,0.006132082214799084,,,,,
1105,,0.015085723597439935,,,,,
1106,,0.006206691033003153,,,,,
1107,,0.0052757641239926075,,,,,
1108,,0.01545435141112345,,,,,
1109,,0.0026310448262544615,,,,,
1110,,0.0074294407544584825,,,,,
1111,,0.0068385286023840315,,,,,
1112,,0.009801600459710848,,,,,
1113,,0.004915914063167292,,,,,
1114,,0.004440984113656062,,,,,
1115,,0.00989864086926294,,,,,
1116,,0.005698624937303977,,,,,
1117,,0.011976524239192562,,,,,
1118,,0.009941429129442743,,,,,
1119,,0.006758409333997406,,,,,
1120,,0.006868819900455491,,,,,
1121,,0.00921410695882514,,,,,
1122,,0.0011970292543689236,,,,,
1123,,0.01124620396537163,,,,,
1124,,0.015309926454210653,,,,,
1125,,0.009878805488066671,,,,,
1126,,0.008765604467286418,,,,,
1127,,0.009715679412086805,,,,,
1128,,0.013496302895994936,,,,,
1129,,0.0061661825037541956,,,,,
1130,,0.005509094427422193,,,,,
1131,,0.005629662784425212,,,,,
1132,,0.004990132679055629,,,,,
1133,,0.004302951824259556,,,,,
1134,,0.004757961161279431,,,,,
1135,,0.009179189561109524,,,,,
1136,,0.006371455178790105,,,,,
1137,,0.010850297616464862,,,,,
1138,,0.01098803183194832,,,,,
1139,,0.01209720446789409,,,,,
1140,,0.00574171430265172,,,,,
1141,,0.007790309001484275,,,,,
1142,,0.010178613294071206,,,,,
1143,,0.0034219364582289322,,,,,
1144,,0.005876531415348532,,,,,
1145,,0.001930365799853462,,,,,
1146,,0.010010622681875248,,,,,
1147,,0.002338530335934289,,,,,
1148,,0.00951281858663909,,,,,
1149,,0.0104775662116784,,,,,
1150,,0.0024754837232952315,,,,,
1151,,0.012185405611914273,,,,,
1152,,0.006271173397544771,,,,,
1153,,0.005769277107416807,,,,,
1154,,0.007402080948243867,,,,,
1155,,0.007455602058325893,,,,,
1156,,0.009418461767563713,,,,,
1157,,0.007877183175999863,,,,,
1158,,0.008413006711149744,,,,,
1159,,0.007557267842154639,,,,,
1160,,0.004364094070115243,,,,,
1161,,0.012245269829872996,,,,,
1162,,0.005446124897086216,,,,,
1163,,0.00806391231259719,,,,,
1164,,0.005906540620283824,,,,,
1165,,0.004942472724375572,,,,,
1166,,0.004412170259577882,,,,,
1167,,0.006694411442610242,,,,,
1168,,0.008642668792890617,,,,,
1169,,0.008666109879807968,,,,,
1170,,0.009987776120154498,,,,,
1171,,0.015202304395400764,,,,,
1172,,0.009150437504285945,,,,,
1173,,0.005999330724444007,,,,,
1174,,0.006828071264802322,,,,,
1175,,0.00781482003731071,,,,,
1176,,0.00526526525063673,,,,,
1177,,0.009787651590886525,,,,,
1178,,0.007577876017361024,,,,,
1179,,0.009694366279290989,,,,,
1180,,0.014614820020991225,,,,,
1181,,0.0054239899317811546,,,,,
1182,,0.005272469276868226,,,,,
1183,,0.006161604202740515,,,,,
1184,,0.013875114684924484,,,,,
1185,,0.014987193841564779,,,,,
1186,,0.003900353547457295,,,,,
1187,,0.004729248950995195,,,,,
1188,,0.00939432833426205,,,,,
1189,,0.005860201108347003,,,,,
1190,,0.0055762954909975345,,,,,
1191,,0.009601799638403463,,,,,
1192,,0.009676344940301838,,,,,
1193,,0.011928034293426513,,,,,
1194,,0.007008083404798526,,,,,
1195,,0.003997422731724026,,,,,
1196,,0.006427639802132036,,,,,
1197,,0.006450957372726406,,,,,
1198,,0.009803504078445258,,,,,
1199,,0.007843871270961245,,,,,
1200,,0.007986454298952594,,,,,
1201,,0.007754154008155941,,,,,
1202,,0.005730344773473916,,,,,
1203,,0.004839480017593208,,,,,
1204,,0.006851398034874971,,,,,
1205,,0.00999411688486968,,,,,
1206,,0.006866866589189158,,,,,
1207,,0.005475500891528403,,,,,
1208,,0.006324285060206118,,,,,
1209,,0.010194789535792854,,,,,
1210,,0.005866237476584503,,,,,
1211,,0.011863923204752307,,,,,
1212,,0.0065989973535276174,,,,,
1213,,0.007873914866164948,,,,,
1214,,0.008717094663309884,,,,,
1215,,0.010163967253174633,,,,,
1216,,0.0074999594588007305,,,,,
1217,,0.016325598534604066,,,,,
1218,,0.012545538857739302,,,,,
1219,,0.01052622426917272,,,,,
1220,,0.007092998871780764,,,,,
1221,,0.009911929203371984,,,,,
1222,,0.007576520026001769,,,,,
1223,,0.006554314979128625,,,,,
1224,,0.005709952627573027,,,,,
1225,,0.00545802647441936,,,,,
1226,,0.008390271742579595,,,,,
1227,,0.0038576945360546226,,,,,
1228,,0.003488049356262006,,,,,
1229,,0.007915419584727109,,,,,
1230,,0.015008475111487007,,,,,
1231,,0.004176139576399388,,,,,
1232,,0.007186984418270489,,,,,
1233,,0.01028037832826764,,,,,
1234,,0.006474767506021332,,,,,
1235,,0.00442758786715179,,,,,
1236,,0.006665894009650703,,,,,
1237,,0.008653265408793232,,,,,
1238,,0.005991208520087336,,,,,
1239,,0.007707960965005139,,,,,
1240,,0.0024435006612596524,,,,,
1241,,0.004342474790367609,,,,,
1242,,0.008761678092984464,,,,,
1243,,0.003574505477202668,,,,,
1244,,0.008932535961745694,,,,,
1245,,0.008156400882035085,,,,,
1246,,0.009878788568554835,,,,,
1247,,0.0071733167580532615,,,,,
1248,,0.008229170135503713,,,,,
1249,,0.009710140724200756,,,,,
1250,,0.009251806073007175,,,,,
1251,,0.006691758035837362,,,,,
1252,,0.006518587658259398,,,,,
1253,,0.004793374132471703,,,,,
1254,,0.0009111352891826148,,,,,
1255,,0.004294441756307304,,,,,
1256,,0.008973557687325714,,,,,
1257,,0.0045468332985668285,,,,,
1258,,0.010574383552981695,,,,,
1259,,0.005001903271962267,,,,,
1260,,0.00811404825832748,,,,,
1261,,0.012820280673137554,,,,,
1262,,0.0030964087355338657,,,,,
1263,,0.013467394880990469,,,,,
1264,,0.009192179235590932,,,,,
1265,,0.0030662880219097135,,,,,
1266,,0.002183834854865078,,,,,
1267,,0.012546505283777758,,,,,
1268,,0.004865781252738089,,,,,
1269,,0.007438548505403258,,,,,
1270,,0.010970527837950307,,,,,
1271,,0.007201059066574089,,,,,
1272,,0.005533133072458441,,,,,
1273,,0.005782417872978841,,,,,
1274,,0.010150520627697309,,,,,
1275,,0.006291107686653656,,,,,
1276,,0.009792451449902729,,,,,
1277,,0.005732438639582445,,,,,
1278,,0.013180877509754886,,,,,
1279,,0.007238268332866938,,,,,
1280,,0.013467366384187093,,,,,
1281,,0.005363846038661298,,,,,
1282,,0.008951545856446804,,,,,
1283,,0.004722143082957092,,,,,
1284,,0.004569929496695597,,,,,
1285,,0.011247244251777979,,,,,
1286,,0.005465463530466272,,,,,
1287,,0.0029792826358667913,,,,,
1288,,0.005175950529519469,,,,,
1289,,0.006783217583870283,,,,,
1290,,0.007717818818249118,,,,,
1291,,0.00392845042758078,,,,,
1292,,0.0010657425754137268,,,,,
1293,,0.003659673863148782,,,,,
1294,,0.008186137552002037,,,,,
1295,,0.005535723079689583,,,,,
1296,,0.0017821641073775631,,,,,
1297,,0.007732665136427386,,,,,
1298,,0.004479888237998846,,,,,
1299,,0.010014122460658352,,,,,
1300,,0.010183329455806717,,,,,
1301,,0.007969149404986333,,,,,
1302,,0.006910090186283924,,,,,
1303,,0.00733096792194677,,,,,
1304,,0.0066492951684873946,,,,,
1305,,0.005993096604894769,,,,,
1306,,0.0013834791745466648,,,,,
1307,,0.004082423252354298,,,,,
1308,,0.004455450376068862,,,,,
1309,,0.010839109255175573,,,,,
1310,,0.0034390032320516183,,,,,
1311,,0.006132498570999209,,,,,
1312,,0.006624818100620663,,,,,
1313,,0.012091805583137707,,,,,
1314,,0.005410938255954533,,,,,
1315,,0.009285687445662917,,,,,
1316,,0.00507349505884728,,,,,
1317,,0.008138728938380762,,,,,
1318,,0.0024253399198642,,,,,
1319,,0.010345834728893048,,,,,
1320,,0.0016330122837492432,,,,,
1321,,0.008382877180702054,,,,,
1322,,0.009449029321937513,,,,,
1323,,0.0059322911392276495,,,,,
1324,,0.008991844287296165,,,,,
1325,,0.01878351316942523,,,,,
1326,,0.007911350638740563,,,,,
1327,,0.015175768359767972,,,,,
1328,,0.014947974596483013,,,,,
1329,,0.007652404708884812,,,,,
1330,,0.007520790786687334,,,,,
1331,,0.007091327514111374,,,,,
1332,,0.014697852272850772,,,,,
1333,,0.009176844394824003,,,,,
1334,,0.007326429412963384,,,,,
1335,,0.007803638635717409,,,,,
1336,,0.01255734177781657,,,,,
1337,,0.006701683052718485,,,,,
1338,,0.008235566224417805,,,,,
1339,,0.00890586689444414,,,,,
1340,,0.009281760793116215,,,,,
1341,,0.007580121265103419,,,,,
1342,,0.010669910757375571,,,,,
1343,,0.007165875809581242,,,,,
1344,,0.011457263679343061,,,,,
1345,,0.0024431620997347634,,,,,
1346,,0.006111679943448204,,,,,
1347,,0.003976425967630348,,,,,
1348,,0.007508171236258932,,,,,
1349,,0.004773254052270203,,,,,
1350,,0.015044662662936996,,,,,
1351,,0.005936690511650036,,,,,
1352,,0.010343569904459098,,,,,
1353,,0.012147345580160616,,,,,
1354,,0.011607304458448198,,,,,
1355,,0.0076448153294525895,,,,,
1356,,0.003637452953262254,,,,,
1357,,0.006163807013217592,,,,,
1358,,0.008733708867415164,,,,,
1359,,0.007945606139401205,,,,,
1360,,0.009050425967143382,,,,,
1361,,0.0036064143358089497,,,,,
1362,,0.006097376589605119,,,,,
1363,,0.00431030884210486,,,,,
1364,,0.010201804495833737,,,,,
1365,,0.004960030035241895,,,,,
1366,,0.007044969914325823,,,,,
1367,,0.005495283221049855,,,,,
1368,,0.015393725127069045,,,,,
1369,,0.00642176230903715,,,,,
1370,,0.008533881814219057,,,,,
1371,,0.00509864283837184,,,,,
1372,,0.007255071688753863,,,,,
1373,,0.0032124743056177367,,,,,
1374,,0.008258793634983401,,,,,
1375,,0.004457723760666947,,,,,
1376,,0.01270163757338499,,,,,
1377,,0.008600003202930868,,,,,
1378,,0.005075309520331453,,,,,
1379,,0.0060533186813700015,,,,,
1380,,0.007398891131500325,,,,,
1381,,0.0023731752393662945,,,,,
1382,,0.006413093236430237,,,,,
1383,,0.007855952733370943,,,,,
1384,,0.004924893746040955,,,,,
1385,,0.0024031127611730575,,,,,
1386,,0.0075822359462714905,,,,,
1387,,0.003632633927918505,,,,,
1388,,0.005966553726466373,,,,,
1389,,0.005598959636699875,,,,,
1390,,0.004789970166166313,,,,,
1391,,0.005393824691418558,,,,,
1392,,0.006348172611978951,,,,,
1393,,0.004922803029694478,,,,,
1394,,0.010844373967605256,,,,,
1395,,0.00786650320684809,,,,,
1396,,0.008226575401931769,,,,,
1397,,0.0041099689264835135,,,,,
1398,,0.005207163342856803,,,,,
1399,,0.007414276956175551,,,,,
1400,,0.00734595063016362,,,,,
1401,,0.009953009189727408,,,,,
1402,,0.013108532077361207,,,,,
1403,,0.005087368690874429,,,,,
1404,,0.013163791239397447,,,,,
1405,,0.01227698288469886,,,,,
1406,,0.008225363863554472,,,,,
1407,,0.005305843820436469,,,,,
1408,,0.00447675662196616,,,,,
1409,,0.0038978677068371324,,,,,
1410,,0.005098750341903724,,,,,
1411,,0.006560469390569779,,,,,
1412,,0.005044998420150174,,,,,
1413,,0.008371476357084854,,,,,
1414,,0.006364572357112288,,,,,
1415,,0.006735598465699392,,,,,
1416,,0.0022359029417809025,,,,,
1417,,0.006416441322168492,,,,,
1418,,0.005014865263729007,,,,,
1419,,0.00453778829669318,,,,,
1420,,0.013968935624870938,,,,,
1421,,0.00571867915156569,,,,,
1422,,0.0025722090231018535,,,,,
1423,,0.010597091424278917,,,,,
1424,,0.003117818578236135,,,,,
1425,,0.008952214292366988,,,,,
1426,,0.006305574766338395,,,,,
1427,,0.003994048468302935,,,,,
1428,,0.006861481560432974,,,,,
1429,,0.009560006640579861,,,,,
1430,,0.009221097964713936,,,,,
1431,,0.005848204944049941,,,,,
1432,,0.006401606115347628,,,,,
1433,,0.004163736071495805,,,,,
1434,,0.006035318816914999,,,,,
1435,,0.005298066083923914,,,,,
1436,,0.005459483864008992,,,,,
1437,,0.008544448915138978,,,,,
1438,,0.008167816585773835,,,,,
1439,,0.005324127693893388,,,,,
1440,,0.004260132337450765,,,,,
1441,,0.006931707663655592,,,,,
1442,,0.009890295872658801,,,,,
1443,,0.005730499943895969,,,,,
1444,,0.009284305396916655,,,,,
1445,,0.008690456215602656,,,,,
1446,,0.006196680211784648,,,,,
1447,,0.014840255251328927,,,,,
1448,,0.008962727463464638,,,,,
1449,,0.010842155504784992,,,,,
1450,,0.006183597739921728,,,,,
1451,,0.003058300718354682,,,,,
1452,,0.006448616609729166,,,,,
1453,,0.003579691287632159,,,,,
1454,,0.008110061760817189,,,,,
1455,,0.006629076020779698,,,,,
1456,,0.0047061136572817,,,,,
1457,,0.01158310436148895,,,,,
1458,,0.005859640146384966,,,,,
1459,,0.006802524579082578,,,,,
1460,,0.005748646041320171,,,,,
1461,,0.0044851127652994665,,,,,
1462,,0.007923236502877748,,,,,
1463,,0.007707520511515517,,,,,
1464,,0.015326172641653101,,,,,
1465,,0.005447854349040428,,,,,
1466,,0.006059316749451681,,,,,
1467,,0.0060150824432639634,,,,,
1468,,0.007351447519977228,,,,,
1469,,0.0072588953291415235,,,,,
1470,,0.005012455950297104,,,,,
1471,,0.010980749970743395,,,,,
1472,,0.003695019514960525,,,,,
1473,,0.00718435976402058,,,,,
1474,,0.006065024032977817,,,,,
1475,,0.009058175614457771,,,,,
1476,,0.0038581604341743512,,,,,
1477,,0.003168187204422187,,,,,
